"Y","X1","X2","X3","X4","X5"
"1",3,0,0,1,1,5
"2",1,1,2,0,0,3
"3",1,1,2,0,0,1
"4",2,0,2,0,0,1
"5",4,1,2,0,0,1
"6",2,0,2,0,0,0
"7",2,0,2,3,0,2
"8",1,0,0.81249422,0,0,1
"9",2,0,2,6,0,4
"10",4,0,0,1,0,3
"11",3,0,2,5,0,7
"12",3,1,2,0,0,2
"13",2,1,2,0,0,10
"14",2,0,2,5,0,2
"15",4,1,3,4,0,2
"16",3,1,0,0,0,3
"17",4,0,2,5,0,5
"18",1,0,0,2,0,6
"19",3,0,2,2,0,2
"20",3,1,1,0,0,4
"21",4,0,2,3,0,3
"22",3,1,2,0,0,9
"23",1,0,1,2,0,10
"24",1,1,2,0.4209002,0,12
"25",3,1,0,4,0,6
"26",3,1,2,5,0,4
"27",3,0,2,6,0,4
"28",3,1,2,0,0,3
"29",3,0,2,5,0,2
"30",3,0,0,0,0,1
"31",3,0,1,2,0,9
"32",3,1,1,0,0,12
"33",3,0,0,0,0,10
"34",3,0,0,3,0,6
"35",2,1,2,0,0,3
"36",1,1,1,0,0,9
"37",1,1,1,4,0,3
"38",4,1,2,1,0,11
"39",1,1,2,0,0,12
"40",4,1,0,1,0,3
"41",3,0,0,1,0,9
"42",3,1,2,0,0,12
"43",3,0,2,4,0,4
"44",3,0,2,6,0,5
"45",4,1,2,4,0,6
"46",4,1,3,5,0,9
"47",3,1,1,0,0,8
"48",3,1,2,4,0,1
"49",1,1,0,0,0,7
"50",1,1,2,2,0,10
"51",3,1,2,5,0,4
"52",4,1,2,1,0,4
"53",1,1,2,5,0,6
"54",3,1,0,0,0,7
"55",4,1,2,1.63421,0,5
"56",3,1,1,2,0,5
"57",4,1,3,5,0,4
"58",3,1,2,4,0,4
"59",3,0,2,3,0,2
"60",4,1,2,2,0,5
"61",1,1,2,3,0,12
"62",2,0,2,2.2882364,0,0
"63",3,0,2,3,0,4
"64",1,1,0,2,0,2
"65",3,1,2,3,0,4
"66",4,0,2,5.5020905,0,10
"67",3,1,0,3,0,8
"68",1,1,0,0,0,10
"69",3,0,2,2,0,3
"70",4,0,2,2,0,2
"71",3,0,2,0,0,9
"72",4,0,0,2,0,5
"73",3,1,2,0,0,10
"74",4,0,3,6,0,10
"75",3,0,2,3,0,7
"76",4,1,3,5,0,8
"77",1,1,3,6,0,8
"78",1,1,2,0,0,12
"79",1,1,2,3,0,9
"80",1,1,2,0,0,4
"81",2,0,2,0,0,1
"82",3,0,2,0,0,12
"83",3,0,2,3,0,3
"84",3,1,2,0,0,11
"85",3,1,2,1,0,12
"86",1,1,0.4300904,2.9249418,0,5
"87",3,1,0,3,0,5
"88",1,1,2.1399884,3,0,5
"89",3,0,0,2,0,12
"90",1,1,3,6,0,9
"91",3,0,0,4,0,9
"92",3,0,0,1,0,3
"93",1,1,2,4,0,8
"94",3,0,0,3,0,8
"95",3,1,2,3,0,5
"96",1,1,2,3,0,2
"97",3,1,1,3,0,2
"98",3,1,0,3,0,5
"99",3,0,0,0,0,11
"100",1,1,2,4,0,5
"101",1,1,2,2,0,3
"102",3,1,2,1,0,10
"103",3,0,0,2,0,2
"104",3,1,0,2,0,3
"105",3,1,0,0,0,10
"106",1,1,2,5,0,5
"107",1,1,0,0,0,12
"108",1,1,2,1.0957727,0,8
"109",4,0,3,6,0,4
"110",1,1,0,1.6418276,0,0
"111",1,1,2,2,0,4
"112",3,0,2,2,0,6
"113",3,0,2,6,0,6
"114",2,0,0,1.3052504,0,0
"115",3,0,2,6,0,6
"116",3,0,1,2,0,6
"117",3,1,0,1,0,10
"118",1,1,0,0,0,12
"119",3,0,2,0,0,0
"120",4,1,2,6,0,9
"121",3,0,0,0,0,10
"122",4,0,2,6,0,5
"123",3,0,0,4,0,7
"124",4,0,0,2.9228284,0,5
"125",4,0,4,6,0,5
"126",3,0,0,2,0,3
"127",1,1,2,4,0,5
"128",3,1,2,3,0,4
"129",1,1,1.9023298,2.1464009,0,7
"130",1,1,3,6,0,3
"131",3,0,1.4732779,0,0,9
"132",1,1,2,0,0,10
"133",3,0,2,4,0,5
"134",1,1,2,4,0,5
"135",3,0,2,3,0,3
"136",4,1,2,4,0,6
"137",3,1,0,4,0,2
"138",3,0,0,2,0,1
"139",2,0,3,6,0,4
"140",3,0,0,3,0,4
"141",3,0,0,3,0,4
"142",3,0,0,4,0,3
"143",4,0,2,6,0,9
"144",3,1,2,2,0,5
"145",4,0,2,3.8244703,0,3
"146",3,1,0,4,0,4
"147",1,1,2,3,0,4
"148",1,1,2,3,0,7
"149",1,1,2,0,0,12
"150",3,0,0,0,0,12
"151",3,0,0,3,0,4
"152",3,1,1,3,0,4
"153",3,0,0,0,0,11
"154",4,1,2,2,0,8
"155",1,1,2,3,0,6
"156",1,1,2,4,0,5
"157",1,1,2,5,0,9
"158",3,1,2,3,0,2
"159",3,0,2,0,0,11
"160",3,0,1,3,0,5
"161",1,1,0.60901409,0,0,9
"162",3,0,0,0,0,9
"163",1,1,2,1,0,3
"164",4,1,3.0447142,4.9460788,0,0
"165",3,0,0,2,0,1
"166",4,0,3,6,0,5
"167",1,1,2,4,0,5
"168",3,0,2,1,0,2
"169",3,0,2,0,0,12
"170",1,1,0,0,0,12
"171",3,0,0,1,0,2
"172",1,0,2,4,0,2
"173",2,1,3,1,0,1
"174",3,1,3,3,0,3
"175",1,0,2,3,0,1
"176",2,1,2,1,1,1
"177",4,1,0,0,1,8
"178",3,0,0,0,1,2
"179",2,0,2,2.7678273,1,2
"180",2,0,4,4,1,1
"181",3,1,3,4,1,9
"182",1,1,3,6,1,8
"183",1,1,2,6,1,5
"184",2,0,2,3,1,2
"185",3,0,2.4712095,3,1,6
"186",4,0,0,4,1,3
"187",4,0,0,0,1,7
"188",4,1,2,4,1,7
"189",1,1,0,1,1,6
"190",3,0,2,1,1,1
"191",3,1,2,2,1,5
"192",3,0,2,4,1,4
"193",2,0,0,3,1,4
"194",3,0,2,1,0,10
"195",1,1,2,2,0,2
"196",1,1,2,5,0,3
"197",1,1,2,0,0,9
"198",1,1,2,4,0,5
"199",1,1,0,1,0,2
"200",4,1,2,0,0,2
"201",1,1,0,-0.67153901,0,9
"202",1,1,0,0,0,10
"203",1,1,2,7.2389359,0,3
"204",3,1,0,1,0,11
"205",1,1,2,2.7052798,0,0
"206",3,1,0,4,0,11
"207",1,1,2,4,0,4
"208",3,0,1,6,0,5
"209",4,0,0,3,0,1
"210",3,0,2,2,0,3
"211",2,0,0,1,0,2
"212",2,0,2,4,0,2
"213",1,1,1,1,0,3
"214",4,0,0,0,0,1
"215",1,1,1,6,0,5
"216",3,1,0,0,0,4
"217",1,1,0,0,0,3
"218",3,1,0,0,0,11
"219",1,1,0,3,0,2
"220",3,0,1,1,0,1
"221",3,1,0,2,0,12
"222",1,1,0,1,0,4
"223",3,1,0,0,0,3
"224",3,1,1,3,0,2
"225",1,1,2,1,0,9
"226",1,1,2,5,0,7
"227",3,0,3,0,0,0
"228",1,1,2,3,0,4
"229",1,1,2,3,0,3
"230",3,1,1,0,0,7
"231",3,1,0,5,0,11
"232",3,0,4,1,0,5
"233",3,1,2,2,0,3
"234",3,1,0.046662103,0,0,12
"235",3,1,2,0,0,12
"236",1,1,0,1,0,11
"237",1,0,3,4,0,7
"238",4,0,2,6,0,3
"239",1,1,2,2,0,12
"240",4,1,2,3,0,7
"241",4,0,2,5,0,3
"242",4,1,4,6,0,5
"243",1,1,2,4,0,0
"244",1,1,4.2215371,4,0,3
"245",1,1,2,0,0,5
"246",2,1,2,0,0,9
"247",2,0,2,1,0,1
"248",3,0,2,5,0,5
"249",1,1,2,0,0,1
"250",4,1,3,0,0,1
"251",1,1,2,2,0,2
"252",3,0,0,1,0,1
"253",1,1,4,5,0,5
"254",4,1,2,0,1,4
"255",1,1,2,5,1,10
"256",2,1,2,2,1,4
"257",3,1,2,0,1,3
"258",1,0,2,3,1,5
"259",3,1,0,0,1,3
"260",3,0,3,4,1,2
"261",3,0,0,0,1,12
"262",1,1,1,4,1,4
"263",1,1,2,5,1,6
"264",1,1,2,4,1,4
"265",1,1,2,0,1,1
"266",4,1,3,5,1,6
"267",3,0,3,6,1,10
"268",3,1,0,3,1,4
"269",3,0,2,5,1,2
"270",2,0,0,0,1,3
"271",3,0,0,0,1,11
"272",3,0,2,1.9290907,1,5
"273",1,0,2,4,1,4
"274",3,1,0,0,1,4
"275",3,1,2,2,1,8
"276",3,0,2,1,1,8
"277",1,1,2,1,1,11
"278",1,1,0,2,1,5
"279",3,1,2,0,0,12
"280",4,0,3,6,0,2
"281",1,1,0,2,0,2
"282",1,1,2,3,0,5
"283",3,1,2,0,0,4
"284",1,1,2,0,0,10
"285",1,0,2,3,0,3
"286",1,1,1,6,0,3
"287",1,1,0,3,0,7
"288",1,1,2,4,0,3
"289",1,1,2,3,0,7
"290",1,1,0,0,0,9
"291",1,1,3,4,0,9
"292",3,0,0,2,0,2
"293",3,0,2,5,0,2
"294",3,1,3,4,0,6
"295",3,1,0,0,0,12
"296",3,0,2,4,0,7
"297",1,1,0,5,0,6
"298",2,1,2,5,0,6
"299",1,1,0,1,0,11
"300",1,1,4,6,0,8
"301",3,1,3,6,0,9
"302",1,1,2,5,0,5
"303",3,1,0,2,0,7
"304",3,1,0,1,0,4
"305",2,0,2,4,0,5
"306",3,0,0,2,0,5
"307",1,1,3,5,0,4
"308",3,1,2.6667101,3,0,3
"309",3,0,2,0,0,4
"310",1,1,2,4,0,6
"311",1,1,2,6.079278,0,2
"312",1,1,2,4,0,5
"313",1,0,0,6,0,0
"314",1,1,2,1,0,11
"315",3,0,0,2,0,5
"316",4,1,1.8300025,3.8728535,0,6
"317",1,1,2,2,0,9
"318",3,1,2,1,0,10
"319",4,0,2,2,0,4
"320",3,0,0,3,0,1
"321",3,1,0,4,0,4
"322",4,1,0,0,0,9
"323",3,1,0,2,0,4
"324",3,0,1.1216159,5,0,4
"325",1,1,1,3,0,9
"326",3,0,0,0,0,11
"327",4,1,0,2,0,8
"328",3,0,2,2,0,7
"329",1,0,3,6,0,10
"330",1,1,2,3,0,7
"331",1,1,2,3,0,3
"332",3,1,0.52696425,0.78945738,0,12
"333",3,1,0,5,0,6
"334",1,1,0.46190405,1.3425007,0,9
"335",4,1,3,6,0,4
"336",4,1,2.2175362,2.7539485,0,0
"337",1,1,2,3,0,5
"338",3,1,2,6,0,0
"339",1,1,2,6,0,2
"340",1,1,2.2951491,2,0,4
"341",1,1,1,2,0,7
"342",1,1,2,3,0,2
"343",3,1,2,0,0,8
"344",3,1,2,0,0,12
"345",1,1,0,-1.131285,0,6
"346",3,0,0,3.758266,0,5
"347",1,1,2,2,0,10
"348",3,1,2,1,0,9
"349",1,1,1,1,0,0
"350",1,1,0,3,1,3
"351",1,1,3,5,1,11
"352",3,0,2,0,1,3
"353",3,1,0,2,1,4
"354",1,1,0,0,1,7
"355",1,1,3,5,1,4
"356",1,1,2,5,1,1
"357",3,1,2,1,1,9
"358",3,0,1,3,1,2
"359",3,1,2,0,1,1
"360",3,0,3,2,1,4
"361",1,1,2,0,1,10
"362",1,1,2,4,0,8
"363",1,1,2,4,0,11
"364",3,0,3,6,0,3
"365",3,1,3,6,0,7
"366",1,1,2,4,0,8
"367",1,1,2,5,0,6
"368",3,0,3,5,0,1
"369",1,1,2,3,0,7
"370",3,1,1,0,0,9
"371",3,0,3,2,0,2
"372",3,0,0,3,0,4
"373",1,1,0,0,0,12
"374",1,1,2,1,0,10
"375",1,1,2,1,0,2
"376",3,1,2,4,0,5
"377",1,1,2,3,0,9
"378",3,0,2,2,0,9
"379",4,0,2,2,0,10
"380",3,0,0,0,0,11
"381",3,0,0,3,0,2
"382",4,1,3,6,0,10
"383",4,1,3,4,0,4
"384",4,0,3,4,0,1
"385",2,0,2,6,0,2
"386",4,0,3,4,0,0
"387",4,1,2,6,0,4
"388",3,0,0,3,0,5
"389",1,1,2,4,0,5
"390",3,0,2,4,0,4
"391",3,1,2,0,0,10
"392",1,1,0,4,0,3
"393",1,1,0,0,0,11
"394",3,0,3,3,0,4
"395",1,1,2,2,0,2
"396",3,1,0,0,0,8
"397",3,0,0,2,0,2
"398",1,1,1,1,0,4
"399",4,1,0,4,0,0
"400",1,1,2,2,0,12
"401",1,1,0,2,0,2
"402",4,0,2,1,0,11
"403",4,0,2,6,0,4
"404",1,1,1,2,0,6
"405",3,0,0,5,0,6
"406",1,1,1,4,0,3
"407",3,0,2,0,0,2
"408",3,1,2,0,0,1
"409",1,1,2,1,0,6
"410",1,1,3,3,0,2
"411",3,1,3,2,0,3
"412",3,0,2,3,0,3
"413",1,1,2,1,0,7
"414",4,1,3,6,0,6
"415",3,1,2,0,0,5
"416",3,0,2,1,0,11
"417",4,1,2,3,0,3
"418",2,0,3,6,0,4
"419",2,0,4,6,0,4
"420",1,1,2,2,0,2
"421",1,1,1,2,0,10
"422",4,1,1.2175363,5,0,12
"423",1,1,4,6,0,7
"424",4,0,2,4,0,4
"425",1,1,2,3,0,2
"426",1,1,2,4,0,2
"427",1,1,2,0,0,9
"428",1,1,0,4,0,2
"429",4,1,0,2,0,2
"430",1,1,2,4,0,2
"431",1,1,2,3,0,4
"432",1,1,2,3,0,3
"433",3,1,2,5,0,6
"434",1,1,2,2,0,4
"435",3,0,1,0,0,2
"436",3,0,2,3,0,3
"437",1,1,0,2,0,6
"438",3,0,2,5,0,6
"439",4,0,2,6,0,2
"440",4,1,3,6,0,4
"441",3,0,3,6,0,5
"442",1,1,3,3,0,8
"443",3,1,2,4,0,5
"444",3,1,3,5,0,4
"445",1,1,2,3,0,6
"446",1,1,2,5,0,10
"447",3,0,3,4,1,5
"448",3,0,2,1,1,4
"449",1,1,2,5,1,3
"450",3,1,3,0,1,3
"451",1,1,3,0,1,2
"452",2,0,0,0,1,5
"453",1,1,1,2,1,11
"454",3,0,0,3,1,5
"455",3,0,2.2464688,4,1,6
"456",1,1,2,6.2338915,1,12
"457",3,1,0,3,1,2
"458",4,0,2,0,1,0
"459",2,1,0,0,1,1
"460",3,1,2,5,1,3
"461",1,1,0,0,1,11
"462",4,1,2,6,1,5
"463",1,1,2,1,1,10
"464",3,0,2,1,1,3
"465",2,1,3,0,1,0
"466",1,1,1,1,0,2
"467",4,0,2,4,0,6
"468",3,0,2,1,0,0
"469",3,0,3,2,0,3
"470",1,1,2,6,0,8
"471",1,0,2,6,0,4
"472",3,1,0,3,0,3
"473",1,0,2,4,0,2
"474",3,1,2,0,0,3
"475",1,1,0,0,0,10
"476",2,1,2,1,0,6
"477",2,1,2,3,0,3
"478",3,0,0,0,0,2
"479",4,1,3,4.6448832,0,6
"480",3,0,2,0,0,2
"481",4,0,1.6031975,6,0,10
"482",4,0,2,2,0,1
"483",1,1,2,1,0,3
"484",3,1,0,0,0,6
"485",3,0,2,2,0,1
"486",1,1,2,3,0,3
"487",3,0,2,2,0,9
"488",1,1,4,6,0,3
"489",1,0,2,1.0966297,0,5
"490",3,0,3,3,0,10
"491",4,1,3,3,0,12
"492",3,0,0,0,0,2
"493",4,0,3,5,0,4
"494",1,1,3,5,0,2
"495",4,0,2,2.197634,0,6
"496",3,0,2,6,0,2
"497",4,1,3,2,0,9
"498",3,1,2,6,0,1
"499",1,1,0,1,0,9
"500",1,0,3,6,0,10
"501",3,1,2,5,0,9
"502",1,1,0,2,0,3
"503",3,0,2,6,0,2
"504",2,1,1,5,0,4
"505",1,1,2,6,0,8
"506",1,1,1,5.2736158,1,12
"507",4,1,3,6,1,3
"508",4,1,0,3,1,9
"509",3,0,2,5,1,6
"510",3,0,1,5,1,2
"511",2,0,2,3,1,7
"512",3,0,0,0,1,2
"513",3,0,2,2,1,3
"514",4,0,2,5,1,5
"515",3,0,0,3,1,3
"516",2,0,2,2,1,2
"517",3,1,0,1,1,5
"518",3,1,0,2,1,4
"519",3,0,2,0,1,2
"520",3,0,3,2,1,0
"521",2,1,1,4,1,6
"522",1,1,3,2,1,5
"523",3,0,0,0,1,4
"524",1,1,1.8377353,0,1,3
"525",4,0,2,1,1,6
"526",4,1,0,0,1,3
"527",1,1,0.49144414,3,1,9
"528",3,1,2,3,1,9
"529",3,0,2,2,1,11
"530",2,1,2,4,1,9
"531",1,1,2,3,1,2
"532",3,0,2,2,1,9
"533",3,0,3,4,1,8
"534",1,1,3,6,1,12
"535",3,1,3,0,1,1
"536",3,0,2,2,1,4
"537",3,0,2,0,1,2
"538",3,0,2,1,1,4
"539",4,1,3,5,1,6
"540",1,1,2,6,1,2
"541",3,1,2,2,1,1
"542",3,0,3,2,1,2
"543",4,0,2,4,1,6
"544",3,0,0,0,1,7
"545",1,0,0,0,1,12
"546",2,0,2,3,1,9
"547",1,0,2,2,1,5
"548",1,1,3,4,1,4
"549",3,1,2,2,1,3
"550",3,1,3,5,1,5
"551",3,0,2,5,1,7
"552",1,1,2,1,1,2
"553",3,1,0,1,1,12
"554",4,0,2,4,1,3
"555",3,0,2,2,1,3
"556",2,0,2,-1.0981967,1,8
"557",3,1,2,5,1,2
"558",1,1,0,4,0,4
"559",2,0,0,3,0,0
"560",1,1,0,5,0,10
"561",2,0,2,4,0,2
"562",1,1,2,3,0,3
"563",3,1,0,1,0,8
"564",3,1,2,1,0,11
"565",3,1,2,2,0,12
"566",4,0,2,1,0,2
"567",1,1,2,3,0,1
"568",4,0,2,4.9134169,0,9
"569",1,1,1,2,0,9
"570",3,0,0,1,0,9
"571",2,0,3,6,0,4
"572",3,1,1,1,0,4
"573",3,0,0,0.61249554,0,4
"574",3,0,2,1,0,2
"575",1,1,3,6,0,7
"576",2,0,2.6337571,-0.11189947,0,9
"577",4,0,2,2,0,12
"578",4,0,3,3,0,9
"579",1,1,2,0,0,10
"580",3,0,3,6,0,5
"581",1,1,2,0,0,6
"582",2,0,4,6,0,9
"583",2,0,3,6,0,8
"584",2,1,3,4,0,5
"585",4,1,2,3,1,3
"586",4,1,1.3950014,0,1,1
"587",1,1,2,4,1,10
"588",1,1,0,1,1,10
"589",3,0,2,4,1,2
"590",1,1,0,1,1,3
"591",4,1,2,4,1,10
"592",2,1,2,0,1,6
"593",3,0,3,4,1,3
"594",1,1,0,1,1,12
"595",4,1,2,4,1,4
"596",3,1,0,1,1,3
"597",2,0,2,5.5456605,1,1
"598",3,1,2,0.89519954,1,0
"599",1,1,0,4,1,2
"600",3,1,1,2,1,8
"601",1,0,3,4,1,1
"602",3,1,0,0,1,5
"603",3,1,2,0,1,3
"604",1,0,0,1,0,4
"605",1,1,1,6.8580837,0,3
"606",1,1,2,5,0,8
"607",2,1,2,4,0,5
"608",3,1,1.9770671,6.9629335,0,5
"609",3,1,2,0,0,2
"610",2,1,3,5,0,3
"611",1,1,2,5,0,8
"612",3,1,2,4,0,4
"613",4,1,0,2,0,4
"614",1,0,2,2.6021564,0,5
"615",3,1,0,3,0,3
"616",4,1,3,6,0,7
"617",3,0,2,4,0,4
"618",2,0,0,3,0,3
"619",3,0,2,2,0,10
"620",3,0,2,2.380697,0,5
"621",4,0,2,5,0,4
"622",1,0,2,5,0,4
"623",3,0,2,1,0,6
"624",1,0,0,3,0,2
"625",1,0,2,4,0,5
"626",3,0,0,3,0,11
"627",1,1,0,-0.63375437,0,8
"628",2,0,1,1,0,5
"629",1,1,3,3,0,11
"630",3,0,1,4,0,2
"631",3,0,1,4,0,10
"632",3,0,0,3,0,8
"633",3,1,2,5,0,5
"634",2,0,2,6,0,3
"635",3,0,2,1,0,1
"636",4,1,3,6,0,2
"637",4,0,2,5,0,4
"638",4,0,0,1,0,1
"639",1,1,2,0,0,12
"640",4,1,2,5,0,5
"641",3,0,0,4,0,9
"642",3,0,2,5,0,5
"643",3,0,2,5,0,7
"644",4,1,3,4,0,4
"645",4,1,3,3,0,2
"646",4,0,2,4,0,4
"647",1,1,3,4,0,11
"648",3,0,2,5,0,2
"649",3,0,2,4,0,2
"650",3,0,2,4,0,9
"651",1,0,2,2.0912635,0,1
"652",2,0,3,5,0,3
"653",3,1,2,4,0,9
"654",4,0,2,5,0,7
"655",1,1,4,6,0,9
"656",3,1,1,5,0,3
"657",2,0,2,6,0,4
"658",3,1,2,2.1471813,0,5
"659",3,0,0.92172676,1,0,6
"660",4,1,2,0,0,5
"661",1,0,0,5,0,3
"662",4,0,0,0,0,5
"663",1,1,2,3,0,2
"664",1,0,0,2,0,5
"665",3,0,2,3,0,2
"666",1,1,2,4,0,2
"667",3,0,0,3,0,3
"668",3,1,0,0,0,4
"669",2,0,0,3,0,5
"670",4,0,0,5,0,5
"671",1,1,2,3,0,8
"672",3,0,1,3,0,3
"673",3,0,2,4,0,5
"674",2,1,3,4,0,3
"675",1,1,2,1,0,9
"676",3,0,2,5,0,3
"677",4,0,2,4,0,1
"678",3,1,2,2,0,5
"679",2,0,2,4,0,2
"680",1,0,2,4,0,4
"681",4,0,1,2,0,4
"682",3,1,0,1,1,7
"683",3,0,2,2,1,12
"684",3,0,1,1,1,2
"685",4,1,2,4,1,4
"686",3,0,2,4,1,2
"687",1,1,1,3,1,8
"688",3,0,2,6,1,2
"689",1,1,1.7592924,0,1,12
"690",3,0,1,2,1,5
"691",2,0,3,6,1,1
"692",1,1,2,5,0,10
"693",4,0,3,5,0,5
"694",3,1,2,3,0,8
"695",1,0,3,4,0,7
"696",1,1,2,5,0,4
"697",3,0,2,4,0,6
"698",4,1,3,6,0,4
"699",1,1,1,3,0,5
"700",4,0,2,4,0,5
"701",3,0,1,1,0,2
"702",1,0,2,3,0,9
"703",1,1,1,5,0,1
"704",3,0,0,0.11215861,0,12
"705",3,1,2,5,0,4
"706",1,1,3,6,0,2
"707",2,0,2,4,0,1
"708",3,0,1,0,0,12
"709",4,0,2,6,0,7
"710",3,0,2,4,0,5
"711",4,0,4,0,0,0
"712",1,1,1,0,0,12
"713",3,0,0,6,0,1
"714",3,0,0,0.71668059,0,9
"715",3,0,1,0.42894885,0,12
"716",3,0,0,1,0,5
"717",3,0,2,2,0,3
"718",3,0,0,0,0,8
"719",1,0,3,1,0,1
"720",2,1,2,4,0,5
"721",4,0,2,6,0,2
"722",1,1,2,6,0,0
"723",1,1,3,0,0,2
"724",3,0,0,2,0,4
"725",3,1,0,0,0,11
"726",1,1,2,0,0,8
"727",1,1,3,6,0,3
"728",1,0,2,5,0,1
"729",3,1,0,0,0,12
"730",3,0,1,1,0,3
"731",1,0,2,0,0,12
"732",1,1,2,5,0,7
"733",3,0,1,4,0,4
"734",3,0,1.4511719,1,1,2
"735",1,1,0,0,1,5
"736",1,1,1.163946,0,1,11
"737",1,1,2,0,1,12
"738",1,1,2,1,1,8
"739",3,1,2,1,1,3
"740",1,1,2,2,1,4
"741",3,1,0,0,1,8
"742",1,1,2,0,1,12
"743",2,0,2,0,1,4
"744",3,1,2,6,1,9
"745",1,1,3,6,1,2
"746",2,0,2,3,1,11
"747",3,0,2,5,1,4
"748",1,1,2,4,1,8
"749",3,1,2,1,1,10
"750",4,1,2,0,1,3
"751",1,1,3,3,1,11
"752",2,0,2,2,1,4
"753",1,1,2,6,1,2
"754",3,1,2,2,1,12
"755",1,1,0,1,1,10
"756",4,0,4,6,1,6
"757",4,0,3,6,1,10
"758",1,1,2,2,1,10
"759",3,0,0,1,1,1
"760",4,0,4,4,1,6
"761",3,1,1,1,1,0
"762",1,1,3,3,1,8
"763",4,1,2,2,1,10
"764",4,1,4,6,1,12
"765",1,1,0,2,0,11
"766",1,1,2,5,0,3
"767",3,0,2,5,0,5
"768",1,1,0,2,0,2
"769",3,0,2,6,0,0
"770",3,1,0,0,0,6
"771",1,1,1,3,0,2
"772",1,1,2,0,0,9
"773",4,1,0,4,0,5
"774",3,0,3,5,0,4
"775",4,1,2,0,0,10
"776",2,0,2,4,0,4
"777",4,0,3,6,0,2
"778",1,0,2,1.4205695,0,6
"779",1,1,2,4,0,12
"780",1,0,1,4,0,1
"781",3,1,2,5,0,3
"782",1,1,3,3,0,1
"783",1,1,0,0,0,9
"784",3,1,2,2,0,4
"785",4,0,2,6,0,11
"786",1,0,3,6,0,7
"787",3,1,0,6,0,8
"788",4,1,2,5,0,8
"789",3,0,2,0,0,3
"790",1,1,2,0,0,1
"791",3,0,2,3,0,2
"792",4,1,3,5,0,3
"793",1,1,3,5,0,10
"794",2,0,2,0,0,2
"795",3,0,3,0,0,3
"796",2,1,2,3,0,6
"797",2,1,0,0,0,8
"798",3,0,2,0,0,1
"799",2,0,2,0,0,0
"800",2,0,1,3,0,1
"801",3,0,0,2,0,1
"802",3,0,0,0,0,6
"803",4,0,2,5,0,3
"804",3,1,3,4,0,12
"805",3,0,0,1,0,9
"806",1,1,0,0,0,12
"807",4,0,2,5,0,11
"808",4,0,2,4,0,9
"809",1,1,2,0,0,9
"810",3,0,0,1,0,1
"811",3,0,0,1,0,10
"812",1,1,0,5,0,3
"813",1,1,2,3,0,7
"814",3,1,0,1,0,1
"815",4,0,2,5,0,3
"816",4,1,2,3,0,4
"817",1,1,2,4,0,3
"818",2,0,2.9178407,6,0,4
"819",1,1,0,1,0,9
"820",3,0,2,6,0,4
"821",2,0,2,2,0,3
"822",1,1,2,0,0,10
"823",1,1,2,2,0,4
"824",1,1,1,3,0,2
"825",1,1,2,3,0,9
"826",3,0,2,5,0,2
"827",4,0,2,6,0,3
"828",4,1,4,6,0,8
"829",1,1,2.0053136,6,0,4
"830",1,1,2,1,0,4
"831",1,1,2,3,0,4
"832",4,1,3,5,0,3
"833",3,0,2,5,0,3
"834",1,1,3,6,0,3
"835",1,1,4,6,0,1
"836",1,1,2,4,0,3
"837",4,1,2,5,0,6
"838",1,0,2,1,0,1
"839",3,0,1,3,0,2
"840",2,0,2,4,0,2
"841",3,1,1,4,0,1
"842",1,1,2,2.5358107,0,10
"843",1,1,-0.52105278,0,0,9
"844",1,1,2,6,0,8
"845",1,1,2.0924528,3.4333422,0,2
"846",3,0,1.5558525,2,0,10
"847",3,1,2,3,1,12
"848",4,0,0,0,1,7
"849",1,1,2,4,1,1
"850",3,0,3,4,1,4
"851",3,0,0,0,1,2
"852",1,1,0,0,1,12
"853",1,0,2,2,1,2
"854",3,0,2,2,1,6
"855",4,1,2,3,1,4
"856",3,1,2,0,1,10
"857",3,0,2,1,1,12
"858",4,1,0,2,1,2
"859",4,1,4,6,1,8
"860",4,1,3,6,1,5
"861",3,0,1,1,1,9
"862",2,0,1.2700883,1,1,0
"863",3,0,1,3,1,3
"864",4,1,3,1,1,1
"865",4,1,2,2,1,8
"866",1,1,2,3,1,11
"867",3,1,0,-2.6104329,1,7
"868",2,0,2,6,1,5
"869",3,0,2,3,1,2
"870",4,0,2,4,1,2
"871",3,0,0,0,1,10
"872",2,0,2,0,1,0
"873",2,1,2,3,1,1
"874",1,1,0,0,1,10
"875",3,1,0,0,1,11
"876",3,0,1,4,1,4
"877",2,0,2,6,1,2
"878",1,1,0,3,1,7
"879",3,1,2,4,1,7
"880",3,0,0,2,1,7
"881",1,0,2,1,1,1
"882",3,0,1,4,1,3
"883",1,1,2,5,1,9
"884",4,0,2,1,1,5
"885",3,1,2,0,1,7
"886",3,0,1,3,0,3
"887",3,0,2,2,0,1
"888",1,0,2,3,0,10
"889",3,0,3,6,0,9
"890",1,1,1,1,0,4
"891",1,0,2,1,0,3
"892",3,1,0,0,0,12
"893",4,0,3,6,0,5
"894",1,1,3,6,0,8
"895",1,1,3,3,0,2
"896",1,0,2,2,0,1
"897",1,1,2,4,0,8
"898",4,1,2,6,0,2
"899",4,1,2,4,0,5
"900",1,1,2,3,0,7
"901",4,1,2,3,0,2
"902",1,1,3,6,0,7
"903",3,1,0,1,0,7
"904",3,1,2,4,0,4
"905",1,0,2,5,0,1
"906",1,1,2,1,0,3
"907",1,1,0,1,0,12
"908",3,0,2,4,0,5
"909",4,1,3,6,0,5
"910",3,0,0,1,0,9
"911",4,0,3,6,0,3
"912",3,0,2,2,0,5
"913",4,0,0,4,0,0
"914",1,1,2,5,0,4
"915",1,1,1.3110095,6,0,3
"916",1,0,2,5,0,2
"917",3,1,4,6,0,2
"918",1,1,2,2,0,2
"919",3,0,0,3,0,2
"920",1,1,0,0,0,10
"921",4,0,2,5,0,6
"922",4,1,2,6,0,2
"923",1,0,3,5,0,2
"924",3,0,3,5,0,5
"925",1,1,1,1,0,12
"926",1,1,2,2,0,2
"927",1,1,2,6,0,10
"928",2,0,2,1,0,1
"929",4,1,2,2,0,4
"930",3,1,2,4,0,3
"931",1,0,0.1797729,2,0,4
"932",1,1,2,5,0,11
"933",3,0,1,2,0,2
"934",1,1,4,4,0,12
"935",1,1,4,6,0,4
"936",4,0,4,6,0,7
"937",1,1,2,6,0,3
"938",4,1,3,5,0,11
"939",1,0,3,3,0,10
"940",2,0,3,6,0,3
"941",4,1,2,4,0,3
"942",3,1,0,3,0,12
"943",3,1,2,0,0,3
"944",1,1,3,4,0,1
"945",3,1,3,6,0,6
"946",4,1,4,6,0,5
"947",1,1,2,4,0,5
"948",1,1,2,5,0,2
"949",1,1,2,4,0,8
"950",4,1,2,6,0,5
"951",1,1,2,3,0,3
"952",4,1,2,5,0,3
"953",3,0,2,5,0,3
"954",1,1,2,6,0,5
"955",3,1,2,3.3431029,0,2
"956",3,1,3.0524514,3,0,6
"957",2,0,2,6,0,6
"958",3,0,2,5,0,4
"959",3,1,1,1,0,12
"960",1,1,2,5,0,9
"961",3,0,2,2,0,2
"962",4,1,2,4,0,1
"963",3,0,0,0,0,3
"964",1,1,2,6,0,4
"965",3,0,3,6,0,5
"966",4,1,3,4,0,4
"967",1,1,2,4,0,9
"968",4,1,2,4,0,3
"969",2,1,2,5,0,3
"970",1,1,2,0,0,12
"971",1,1,0,2,0,3
"972",1,1,2,0,0,7
"973",1,1,2,6,0,2
"974",1,1,2,5,0,5
"975",1,1,2,4,0,9
"976",1,1,2,5,0,8
"977",3,0,3,6,0,4
"978",3,1,0,4,0,3
"979",3,0,0,3,0,1
"980",3,0,3,4,0,1
"981",3,1,0,0,0,12
"982",2,0,2,2,0,5
"983",1,1,2,4,0,3
"984",3,0,3,5,0,2
"985",3,0,2,2,0,6
"986",1,1,3,2.8045933,0,0
"987",2,0,3,4,0,3
"988",3,0,2,2,0,4
"989",3,1,0,0,0,3
"990",4,1,2,3,0,3
"991",4,0,2,6,0,1
"992",3,0,2,0,0,3
"993",1,1,2,2,0,5
"994",3,1,0,2,0,9
"995",3,0,0,6,0,4
"996",1,1,2,4,0,4
"997",1,1,2,4,0,2
"998",1,1,2,0,0,10
"999",4,1,3,6,0,10
"1000",3,1,0,0,0,10
"1001",3,1,2,5,0,2
"1002",1,1,2,3.5739901,0,5
"1003",3,0,2,5,0,1
"1004",3,0,3,2,0,2
"1005",1,1,2,3,0,2
"1006",1,1,2,4,0,2
"1007",1,1,0,3,0,6
"1008",4,1,2,2,0,9
"1009",3,1,2,3,0,8
"1010",1,1,2,2,0,3
"1011",1,1,2,1,0,12
"1012",4,1,2,5,0,6
"1013",1,1,0,4,0,5
"1014",4,0,1,4,0,3
"1015",1,1,2,4,0,2
"1016",3,1,0,0,0,7
"1017",1,1,2,3,0,4
"1018",4,1,3,6,0,5
"1019",1,1,2,2,0,5
"1020",1,1,3,6,0,6
"1021",3,1,0,4,0,6
"1022",1,1,2,0,0,11
"1023",2,1,2,4,0,8
"1024",3,1,0,0,0,4
"1025",4,0,2,2,0,2
"1026",3,0,1,4,0,3
"1027",4,1,2,5,0,5
"1028",3,0,2,4,0,4
"1029",3,1,0,0,0,8
"1030",1,1,0,3,0,6
"1031",1,1,0,0,0,8
"1032",1,1,0,1,0,7
"1033",3,1,4,5,0,4
"1034",1,1,2,4,0,9
"1035",3,1,0,0,0,10
"1036",1,1,2.4614432,5,0,8
"1037",1,1,2,4,0,3
"1038",1,0,0,4,0,2
"1039",3,1,0.87109882,4,0,7
"1040",3,1,0,5,0,5
"1041",3,0,0,4,0,3
"1042",1,1,3,6,0,4
"1043",3,0,0,4,0,1
"1044",4,1,2,4,0,4
"1045",1,1,3,6,0,3
"1046",4,1,3,0,0,11
"1047",1,0,0,4,0,2
"1048",1,1,2,5,0,9
"1049",3,1,0,3,0,9
"1050",1,1,2,5,0,9
"1051",1,1,2,4,0,8
"1052",3,1,2,0,0,0
"1053",4,0,2,4,0,0
"1054",1,1,4,6,0,5
"1055",2,1,2,0,0,3
"1056",1,1,2,0,0,6
"1057",1,1,0,1,0,12
"1058",3,0,1,5,0,2
"1059",1,1,2,0,0,12
"1060",3,0,1,4,0,3
"1061",1,1,2,1,0,10
"1062",1,1,2,4,0,10
"1063",1,0,2,5,0,1
"1064",2,1,1,6,0,4
"1065",1,1,4,0,0,5
"1066",1,0,2,2,0,3
"1067",4,0,3,6,0,5
"1068",1,1,1,6,0,2
"1069",3,0,1,6,1,2
"1070",3,1,0,2,1,8
"1071",4,0,1,2,1,1
"1072",1,0,0,2,1,3
"1073",4,0,1.4648052,5,1,1
"1074",1,1,0.66458547,0,1,10
"1075",4,0,2,6,1,6
"1076",3,0,2,4,1,11
"1077",2,0,2,2,1,9
"1078",2,0,4,4,1,2
"1079",1,1,3,0,1,12
"1080",2,0,3,4,1,5
"1081",1,1,2,2,1,12
"1082",1,1,3,2,1,2
"1083",1,1,0,1,1,8
"1084",3,0,1,3,1,6
"1085",3,0,0,1,1,8
"1086",1,1,1,6,1,6
"1087",1,1,0,0,1,10
"1088",1,1,2,0,1,10
"1089",1,1,0,0,1,10
"1090",1,1,2,4,1,4
"1091",3,0,1,3,1,0
"1092",1,1,2,0,1,7
"1093",1,1,3,3,1,2
"1094",1,1,2,6,1,2
"1095",3,0,0,5,1,1
"1096",4,0,2,4,1,8
"1097",4,0,2,4,0,6
"1098",3,1,0,0,0,10
"1099",3,1,2,5,0,3
"1100",4,0,2,6,0,6
"1101",3,1,2,2,0,3
"1102",1,1,2,2,0,3
"1103",3,1,2.9321978,0,0,2
"1104",3,0,2,0,0,12
"1105",2,1,2,3,0,2
"1106",1,0,2,5,0,4
"1107",1,1,2,6,0,5
"1108",3,1,2,2,0,3
"1109",3,0,0,0,0,0
"1110",4,0,3,6,0,4
"1111",1,1,3,5,0,4
"1112",3,0,1,4,0,3
"1113",1,1,2,3,0,4
"1114",3,0,0,4,0,5
"1115",3,0,0,5,0,5
"1116",3,1,0,6,0,1
"1117",1,1,0,0,0,6
"1118",1,1,1,0,0,10
"1119",3,0,0,0,0,2
"1120",3,1,2,2,0,8
"1121",3,1,0,0,0,9
"1122",3,0,1.0552706,0,0,5
"1123",2,1,3,6,0,5
"1124",3,0,2,6,0,2
"1125",4,1,2,2,0,7
"1126",3,0,1,6,0,4
"1127",1,1,2,4,0,9
"1128",3,1,2,5,0,7
"1129",3,0,0,1,0,6
"1130",1,0,2,4,0,1
"1131",1,1,2,5,0,5
"1132",1,1,3,6,0,1
"1133",4,0,2,3.7255955,0,4
"1134",4,0,4,6,0,8
"1135",3,0,3,1,0,0
"1136",1,1,0,5,0,6
"1137",3,1,0,1.1462408,0,0
"1138",3,0,0,4,0,4
"1139",3,0,0.72408724,5.0938263,0,6
"1140",1,1,3,3.0993421,0,6
"1141",3,1,0,2,0,3
"1142",3,1,3,6,0,7
"1143",1,0,2,4,0,7
"1144",4,1,3,5,0,3
"1145",1,0,3,6,0,6
"1146",3,1,0,0,0,2
"1147",1,1,2,2,0,2
"1148",3,0,2,3,0,4
"1149",3,1,0,0,0,3
"1150",3,1,2,4,0,3
"1151",4,0,2,1,0,12
"1152",3,1,2,1,0,0
"1153",1,1,3,6,0,8
"1154",3,1,2,1.777064,0,6
"1155",4,0,1.0193741,4,0,3
"1156",2,1,3,6,0,5
"1157",1,1,2,0,0,11
"1158",4,1,2,5,0,7
"1159",3,1,2,1,0,10
"1160",1,1,0,2,0,8
"1161",1,1,4,0,0,3
"1162",3,1,2,3,0,5
"1163",1,1,2,2,0,4
"1164",1,1,3,5,0,5
"1165",2,1,2,3,0,10
"1166",1,1,2,3,0,8
"1167",3,0,2,0,0,10
"1168",3,0,2,1,0,2
"1169",2,1,2,3,0,4
"1170",3,1,0,0,0,11
"1171",1,1,3,4.9655199,0,7
"1172",3,1,2,2,0,4
"1173",1,1,0,4,0,2
"1174",1,1,0,2,0,6
"1175",1,1,0,2,0,3
"1176",1,1,2,4.9850144,0,0
"1177",3,1,0,1,0,6
"1178",3,0,2.3319054,2,0,2
"1179",1,1,0,0,1,12
"1180",1,1,2,4,1,5
"1181",1,1,2,5,1,9
"1182",3,0,0,1,1,5
"1183",1,1,4,6,1,7
"1184",4,1,2,6,1,2
"1185",1,1,2,4,1,7
"1186",2,1,3,0,1,0
"1187",4,0,2,3,1,6
"1188",1,1,2,3,1,12
"1189",3,0,0,0,1,3
"1190",1,1,2,2,1,10
"1191",1,1,2,2,1,9
"1192",1,1,2,5,1,1
"1193",1,1,1,0,1,11
"1194",3,1,2,0,1,12
"1195",4,1,3,5,1,1
"1196",3,0,0,1,1,5
"1197",1,1,2,1,1,6
"1198",3,1,0,1,0,9
"1199",1,1,2,6,0,9
"1200",3,1,0,1,0,0
"1201",1,1,0,1,0,4
"1202",1,0,2,3,0,8
"1203",4,0,2,4,0,2
"1204",1,1,2,2,0,3
"1205",1,1,2,4,0,6
"1206",1,1,2,3,0,4
"1207",1,1,0,1,0,7
"1208",1,0,2,6,0,0
"1209",1,1,2,3,0,5
"1210",1,1,2,4,0,2
"1211",1,1,2,3,0,3
"1212",1,1,2,3,0,4
"1213",1,1,3,6,0,3
"1214",1,1,1,1,0,6
"1215",1,1,2,6,0,5
"1216",1,1,0,0,0,9
"1217",3,1,0,1,0,0
"1218",1,1,2,4,0,5
"1219",1,1,2,1,0,9
"1220",3,0,0,2,0,3
"1221",4,0,3,3,0,5
"1222",3,0,2,1,0,1
"1223",1,1,2,0,0,11
"1224",3,1,0,3,0,9
"1225",3,0,0,5,0,3
"1226",1,1,0,3,0,4
"1227",1,1,2,4,0,8
"1228",3,1,1,4,0,7
"1229",3,1,0,1,0,10
"1230",1,1,2,6,0,7
"1231",3,0,2,5,0,7
"1232",4,1,2,2,0,4
"1233",3,1,2,4,0,2
"1234",3,0,0,0,0,9
"1235",4,0,2,3,0,6
"1236",3,0,1,6,0,8
"1237",4,0,2,6,0,4
"1238",1,1,1,3,0,7
"1239",1,1,2,4,0,2
"1240",3,1,0,4,0,3
"1241",1,1,2,0,0,0
"1242",2,1,2,3,0,5
"1243",1,1,2,4,0,6
"1244",3,1,0,1,0,5
"1245",3,1,2,2,0,2
"1246",1,1,2,5,0,5
"1247",1,1,0,1,0,2
"1248",1,1,1,2,0,11
"1249",1,1,2,3,0,1
"1250",2,0,2,6,0,3
"1251",1,1,1,6,0,2
"1252",3,1,0,0,0,2
"1253",4,1,0,0,0,11
"1254",2,1,3,6,0,4
"1255",2,1,2,4,0,2
"1256",3,1,0,1,0,0
"1257",3,1,0,5,0,5
"1258",1,1,1,2,0,3
"1259",3,1,0,4,0,6
"1260",3,1,2,2,0,0
"1261",1,1,2,3,0,12
"1262",1,1,2,3,0,4
"1263",3,0,2,4,0,10
"1264",1,1,3,4,0,4
"1265",3,1,0,1,0,1
"1266",1,0,2,5,0,3
"1267",3,1,0,1,0,10
"1268",1,1,2,5,0,4
"1269",3,1,2,0,0,10
"1270",1,1,2,2,0,5
"1271",1,1,2,3.574013,0,6
"1272",4,1,2,6,0,3
"1273",1,1,2,2,0,6
"1274",4,1,2,6,0,4
"1275",3,1,0,2,0,3
"1276",2,0,0,4,0,3
"1277",3,1,2,4,0,5
"1278",1,1,3,4,0,6
"1279",4,0,2,3,0,2
"1280",3,0,2,5.177422,0,1
"1281",1,1,2,0,0,7
"1282",1,1,3,3,0,10
"1283",1,1,1,1,0,8
"1284",1,1,2,2.700351,0,2
"1285",1,1,0,1,0,0
"1286",3,1,3,1,0,5
"1287",3,1,2,1,0,3
"1288",1,1,2,4,0,4
"1289",4,1,3,5,0,1
"1290",3,1,3,6,1,3
"1291",3,1,1,3.8409946,1,3
"1292",1,1,2,4,1,3
"1293",1,1,0,2,1,12
"1294",3,0,0,0,1,2
"1295",2,0,3,5,1,5
"1296",4,0,3,5,1,3
"1297",1,1,0,4,1,5
"1298",1,1,2,2,0,2
"1299",4,1,3,6,0,4
"1300",1,1,1,3,0,4
"1301",1,1,2,2,0,1
"1302",1,1,2,5,0,6
"1303",3,0,0,2,0,5
"1304",4,1,2,2,0,5
"1305",1,1,2,0,0,10
"1306",3,1,2,0,0,7
"1307",1,1,2,3,0,4
"1308",1,1,2,5,0,6
"1309",3,0,2,4,0,1
"1310",1,1,0,0.23239805,0,12
"1311",1,1,2,5,0,7
"1312",1,1,3,5,0,9
"1313",1,1,0,3,0,2
"1314",1,1,2,2,0,10
"1315",1,1,0,2,0,9
"1316",1,0,3,6,0,3
"1317",1,1,2,0,0,11
"1318",3,1,2,3,0,2
"1319",3,1,0,0,0,6
"1320",4,1,2,6,0,2
"1321",3,0,0,4,0,2
"1322",2,0,2,6,0,1
"1323",3,1,2,5,0,2
"1324",1,1,2,2.2962575,0,7
"1325",4,1,2,4,0,6
"1326",1,1,3,2,0,7
"1327",3,1,3,1,0,12
"1328",4,1,2,5.1705775,0,5
"1329",2,1,2,4,0,4
"1330",3,1,1,2.9422128,0,5
"1331",1,1,2,4.8004432,0,6
"1332",1,1,0,3,0,5
"1333",4,1,2,3.3035855,0,0
"1334",4,1,4,6,0,7
"1335",1,1,0,2,0,4
"1336",3,0,0,1,0,11
"1337",1,1,2,1.5782574,0,2
"1338",1,0,0,0,0,8
"1339",1,1,2,3,1,10
"1340",3,0,2,0,0,3
"1341",2,0,3,6,0,3
"1342",3,0,0,0,0,1
"1343",3,1,2,0,0,2
"1344",3,1,0,0,0,1
"1345",3,0,2,1,0,5
"1346",4,0,2,4.4579163,0,3
"1347",2,0,1,4,0,5
"1348",3,1,0,0,0,10
"1349",3,0,0,1.0690504,0,8
"1350",3,0,0,0,0,8
"1351",3,1,2,0,0,12
"1352",3,1,0,3,0,5
"1353",1,0,2,6,0,8
"1354",3,1,2,4,0,1
"1355",1,1,0,0,0,10
"1356",1,1,0,0,0,7
"1357",1,1,3,5,0,2
"1358",2,0,0,1,0,4
"1359",1,1,2,6,0,9
"1360",1,1,1,0,0,10
"1361",1,0,2,4.8345447,0,5
"1362",2,0,0,1.6279497,0,0
"1363",3,1,0,2,0,2
"1364",2,0,2,1,0,4
"1365",3,0,0,3,0,2
"1366",1,1,2,0,0,12
"1367",1,1,3,2,0,3
"1368",1,1,2,6,0,2
"1369",4,1,2,5,0,7
"1370",3,0,2,0,0,11
"1371",3,0,0,3,0,10
"1372",1,1,0,1,0,12
"1373",1,1,2,1,0,10
"1374",3,1,2,3,0,9
"1375",1,1,2,2,0,2
"1376",1,1,2,5,0,0
"1377",3,0,0,1,0,8
"1378",3,0,0,4,0,6
"1379",4,0,2,3,0,9
"1380",3,0,1.7508458,0,0,11
"1381",3,1,2,2,0,6
"1382",3,1,0,2,0,7
"1383",3,0,2,1,0,3
"1384",3,1,0,0,0,3
"1385",3,0,2,5,0,4
"1386",1,1,2,3,0,4
"1387",3,1,1,0,0,12
"1388",1,1,2,4,0,5
"1389",3,1,0,0,0,7
"1390",1,1,1,5,0,4
"1391",1,1,1,0,0,11
"1392",1,1,0,3,0,4
"1393",3,0,3,2,1,2
"1394",3,0,0,0,1,1
"1395",1,1,3,6,1,7
"1396",3,0,3,5,1,2
"1397",4,1,2,3,1,6
"1398",1,1,2,2,1,3
"1399",3,0,0,0,0,10
"1400",1,1,2,3,0,4
"1401",4,0,0,5,0,1
"1402",1,1,2,0,0,9
"1403",1,1,0.87071288,3.2227345,0,12
"1404",1,1,3,6,0,4
"1405",1,1,2,0,0,9
"1406",1,0,0,0,0,0
"1407",2,1,0,1,0,3
"1408",4,1,0,1,0,2
"1409",4,0,2,4,0,1
"1410",1,1,2,4,0,11
"1411",1,1,2,4,0,3
"1412",1,1,2,1,0,10
"1413",1,1,1.2430377,2,0,4
"1414",1,1,1,3.4833407,0,11
"1415",1,1,0,5,0,9
"1416",1,1,0,1,0,9
"1417",2,0,2,4,0,8
"1418",1,1,1,4,0,5
"1419",1,1,2,1.7835038,0,3
"1420",3,0,2,3,0,3
"1421",3,1,2,3,1,9
"1422",1,1,2,3,1,3
"1423",4,0,2,2.5575225,1,0
"1424",4,1,0,2,1,4
"1425",3,0,0,2,1,10
"1426",1,1,2,5,0,4
"1427",1,1,0,0,0,3
"1428",1,1,0,3,0,5
"1429",1,1,2,2,0,1
"1430",1,1,2,2,0,5
"1431",1,1,0,3,0,5
"1432",3,1,0,0,0,11
"1433",3,1,3,4,0,4
"1434",1,1,2,1,0,12
"1435",1,1,2,3,0,11
"1436",3,0,1,4,0,5
"1437",3,1,2,2,0,10
"1438",3,1,1,3,0,4
"1439",1,1,2,1,0,12
"1440",2,1,3,5,0,7
"1441",1,1,0,0,0,9
"1442",4,1,3,5,0,7
"1443",3,0,2,4,0,5
"1444",2,1,3,6,0,2
"1445",1,1,4,3,0,2
"1446",1,1,0,3,0,3
"1447",4,0,3,6,0,12
"1448",4,1,3,5,0,4
"1449",1,1,2,2,0,5
"1450",2,1,2,2,1,2
"1451",3,1,0,0,1,4
"1452",3,0,2.988658,6,1,5
"1453",3,1,2,0,1,12
"1454",3,0,2,2,1,1
"1455",4,1,2,3,1,11
"1456",2,0,3,0,1,0
"1457",2,1,2,6,1,3
"1458",4,0,3,2,0,12
"1459",4,0,2,0,0,2
"1460",4,1,2,2.7224638,0,10
"1461",4,0,3,5,0,10
"1462",1,1,1,4,0,4
"1463",1,1,2,4,0,3
"1464",1,1,2,6,0,8
"1465",3,0,0,0,0,0
"1466",3,1,0,0,0,1
"1467",3,0,3,6,0,3
"1468",3,1,3,6,0,5
"1469",1,0,2,2,0,3
"1470",3,1,0,0,0,3
"1471",3,0,0,4,0,0
"1472",3,1,2,6,0,7
"1473",1,1,0,1,0,11
"1474",1,1,2.9276485,5,0,10
"1475",2,0,2,6,0,3
"1476",4,1,2,4,0,6
"1477",4,1,3,6,0,4
"1478",3,0,2,2.7404816,0,0
"1479",2,0,3,6,0,7
"1480",1,0,3,6,0,2
"1481",2,0,2,4,0,3
"1482",1,0,2,3,0,2
"1483",1,1,2,0,1,1
"1484",3,0,0,0,1,12
"1485",4,0,2,3,1,2
"1486",1,1,2,5,1,4
"1487",3,1,2,4,1,8
"1488",2,0,2,0,1,2
"1489",3,1,1,0,1,2
"1490",1,1,3,0,1,2
"1491",3,1,3,0,1,1
"1492",1,1,1,2,0,4
"1493",1,0,3,6,0,5
"1494",1,1,2,1.5062362,0,0
"1495",3,0,1,4,0,5
"1496",1,1,2,0,0,12
"1497",4,0,2,5,0,6
"1498",3,1,0,0.36261889,0,9
"1499",1,1,0,-0.60182071,0,6
"1500",1,1,3,5,0,1
"1501",1,0,0,3,0,3
"1502",4,0,2,5,0,1
"1503",2,0,2,4,0,2
"1504",4,1,4,6,0,5
"1505",2,1,2,4,0,9
"1506",4,0,2,5,0,5
"1507",4,0,2,5,0,5
"1508",1,1,2,5,1,10
"1509",1,1,3,5,1,6
"1510",2,0,0,0,1,11
"1511",4,0,2,0,1,1
"1512",1,0,3,5,1,4
"1513",3,0,0,4,1,2
"1514",3,0,3,5,1,5
"1515",2,1,1,3,1,9
"1516",3,0,0,1,1,1
"1517",2,0,1,2,1,3
"1518",3,1,1,3,1,4
"1519",1,1,2,4,1,9
"1520",1,1,2,1,1,10
"1521",3,0,3,6,1,9
"1522",3,0,2,3,1,12
"1523",3,1,2,0,1,11
"1524",3,0,2,2,1,4
"1525",3,0,1,3,1,3
"1526",3,0,2,2,1,4
"1527",3,0,2,3.699883,1,1
"1528",3,0,2,5,1,2
"1529",1,1,2,4,0,3
"1530",1,1,1,3,0,4
"1531",1,1,2,5,0,1
"1532",1,1,0,2,0,6
"1533",1,1,2,4,0,3
"1534",1,1,0,0,0,12
"1535",3,1,0,1,1,12
"1536",3,0,0,2.8601232,1,1
"1537",3,0,1,1,1,2
"1538",3,0,0,-0.7083894,1,6
"1539",3,0,2,5,1,6
"1540",3,0,0,5,0,1
"1541",3,1,2,3,0,2
"1542",3,1,2,3,0,8
"1543",4,0,0,4,0,2
"1544",3,0,0,6,0,3
"1545",1,1,2,3,0,12
"1546",3,0,0,1,0,0
"1547",1,1,4,1,0,2
"1548",4,1,2,1,0,5
"1549",1,1,2,0,0,12
"1550",3,1,2,2,0,6
"1551",3,1,2,2,0,3
"1552",1,1,1,3,0,6
"1553",1,1,0,0,0,6
"1554",1,1,2,6,0,3
"1555",3,0,3,4,0,0
"1556",4,0,2,3,0,4
"1557",3,0,0,0,1,5
"1558",4,0,2,1,1,1
"1559",4,1,0,0,1,6
"1560",3,0,1,4,1,3
"1561",3,1,0,1,1,10
"1562",1,1,0,1,0,12
"1563",3,1,0,2,0,3
"1564",1,1,2,6,0,7
"1565",1,1,2,5,0,7
"1566",1,1,2,2,0,2
"1567",3,0,2,5,0,3
"1568",1,0,3,6,0,2
"1569",4,1,2,3,0,10
"1570",1,1,2,3,0,1
"1571",1,1,2,1,0,10
"1572",3,1,0,0,0,0
"1573",1,1,2,1,0,9
"1574",2,0,3,0,1,1
"1575",1,1,2,0.93054813,1,12
"1576",1,1,2,6,1,9
"1577",3,0,0,0,1,4
"1578",4,1,3,6,1,3
"1579",3,1,0,0,1,12
"1580",1,1,2,1.5969044,1,12
"1581",3,1,2,0,0,3
"1582",4,0,2,4.1775222,0,0
"1583",3,1,2,5,0,2
"1584",4,0,1,3,0,2
"1585",3,0,2,4,0,12
"1586",1,1,2,1,0,12
"1587",3,0,0,1,0,2
"1588",3,0,3,5,0,12
"1589",1,1,1,2,0,9
"1590",1,0,2.1148441,6,0,6
"1591",1,1,2,2,0,11
"1592",1,1,2,3,0,2
"1593",1,1,2,4,0,8
"1594",1,0,2,4,0,1
"1595",1,1,2,3,0,4
"1596",2,1,2,4,0,3
"1597",3,0,0,1,0,3
"1598",3,0,0,0,1,2
"1599",1,0,0,1,1,2
"1600",3,0,1,0,1,4
"1601",2,0,2,4,1,2
"1602",3,1,2,2,1,12
"1603",3,1,1,0,1,5
"1604",3,0,0,0,1,5
"1605",3,0,2,5,1,4
"1606",1,0,3,6,1,1
"1607",2,0,0,1,1,10
"1608",3,0,3,2.2456827,1,9
"1609",1,1,1,5,1,9
"1610",3,1,2,0,0,4
"1611",3,0,1,2,0,4
"1612",1,1,4,6,0,4
"1613",3,1,2,5,0,5
"1614",1,1,1,3,0,4
"1615",1,1,1,3,0,4
"1616",3,1,0,4,0,8
"1617",2,0,2,3,0,3
"1618",4,1,2,6,0,3
"1619",2,0,3,6,0,1
"1620",4,0,4,6,0,4
"1621",3,0,0,6,0,5
"1622",3,0,0,0,0,7
"1623",4,1,2,4,0,4
"1624",4,1,3,6,0,3
"1625",3,1,0,4,0,12
"1626",1,1,2,5,0,9
"1627",3,0,1,6,0,5
"1628",3,0,0,3,0,5
"1629",1,0,2,6,0,5
"1630",4,1,2,6,0,11
"1631",3,0,2,5,0,6
"1632",4,1,2,6,0,6
"1633",4,0,0,1,0,2
"1634",3,1,2,0,0,8
"1635",3,0,2,4,0,7
"1636",3,0,2.0862072,6,0,7
"1637",1,1,2,5,0,5
"1638",1,1,2,3,0,4
"1639",3,0,2,5,0,0
"1640",3,0,3,6,0,3
"1641",4,0,3,4.1580157,0,1
"1642",3,1,0,0,0,3
"1643",3,0,3,0,0,3
"1644",4,0,2,4,0,1
"1645",4,0,3,6,0,5
"1646",1,1,2,4.0189958,0,3
"1647",2,0,2,4,0,5
"1648",2,1,1,4,0,3
"1649",1,1,2,1,0,9
"1650",4,1,2,3,0,10
"1651",2,0,2,0,0,1
"1652",1,1,2,4,0,3
"1653",1,0,2,2,0,2
"1654",3,1,1,4,0,3
"1655",1,1,2,4,0,11
"1656",1,1,2,5,0,4
"1657",4,1,0,1,0,6
"1658",3,1,0,0,0,12
"1659",1,1,2,4,0,5
"1660",1,1,2,1,0,8
"1661",3,1,0,2,0,2
"1662",1,1,2,3,0,3
"1663",4,1,2,3,0,5
"1664",1,1,0,2,0,2
"1665",3,1,2,4,0,3
"1666",1,1,2,1,0,0
"1667",1,0,3,1,0,5
"1668",1,1,2,0,1,10
"1669",3,0,2,4,1,2
"1670",3,0,2,4,1,1
"1671",1,1,4,1,1,9
"1672",3,0,1,1,1,3
"1673",1,1,2,4,1,4
"1674",1,1,2,4,1,11
"1675",4,1,3,6,1,6
"1676",1,1,2,1,1,11
"1677",3,0,1,3,1,4
"1678",1,1,3,6,0,4
"1679",3,0,2,3,0,10
"1680",3,0,1,5,0,2
"1681",3,1,3,5,0,4
"1682",1,1,2,2,0,2
"1683",1,1,2,5,0,5
"1684",4,0,1,2,0,2
"1685",1,1,2,3,0,4
"1686",3,0,2,2,0,9
"1687",1,1,0,3,0,1
"1688",2,1,3,3,0,1
"1689",1,1,2,2,0,1
"1690",3,0,2,0,0,1
"1691",1,0,3,0,0,6
"1692",3,1,2,4,0,6
"1693",1,1,3,6,0,5
"1694",1,1,2,5,0,9
"1695",1,1,2,6,0,5
"1696",2,0,3,5,0,5
"1697",4,0,2,4.6387482,0,4
"1698",1,1,2,2,0,4
"1699",2,0,3,5,0,0
"1700",4,0,2,4,0,4
"1701",4,0,2,6,0,3
"1702",1,1,2,1,0,7
"1703",3,1,1,0,0,2
"1704",1,1,2,2,0,8
"1705",3,1,0,5,0,6
"1706",1,1,2,3,0,2
"1707",3,1,2,3,0,3
"1708",1,1,0,1.674811,0,2
"1709",1,1,2,2,0,3
"1710",3,1,1,2,1,3
"1711",1,1,2,2,1,9
"1712",1,1,2,3,1,12
"1713",1,0,2,6,1,2
"1714",1,1,1,2,0,7
"1715",2,0,2,6,0,3
"1716",3,0,2,4,0,4
"1717",1,0,1,2,0,5
"1718",4,0,3,4,0,4
"1719",3,1,0,0,0,9
"1720",1,1,2,4,0,7
"1721",3,1,0,2,0,5
"1722",1,1,2,3,0,11
"1723",1,1,2,1,0,10
"1724",1,1,2,5,0,5
"1725",3,0,3,5,0,4
"1726",2,1,2,5,0,2
"1727",1,1,2,6,0,11
"1728",2,1,2,3,0,9
"1729",4,1,2,4,0,4
"1730",3,1,2,0,0,7
"1731",3,0,0,0,0,2
"1732",3,1,2,3,0,4
"1733",3,1,2,3,0,4
"1734",1,0,2,2,0,1
"1735",3,1,0,2,0,4
"1736",1,1,2,3,0,7
"1737",1,1,2,4,0,11
"1738",3,0,2,2,0,5
"1739",3,0,2,0,0,1
"1740",3,1,0,0,0,9
"1741",4,0,2,3.9152503,0,2
"1742",3,0,0,4,1,4
"1743",3,1,1,4,1,8
"1744",2,0,3,6,0,5
"1745",3,1,0,2,0,9
"1746",2,0,2,2,0,2
"1747",1,1,3,5,0,5
"1748",1,1,2,4,0,3
"1749",3,1,2,2,0,7
"1750",1,1,2,3,0,6
"1751",1,1,1,2,0,4
"1752",3,1,2,3,0,10
"1753",4,1,0,2,0,7
"1754",1,0,2,2,0,2
